<?xml version='1.0' encoding='UTF-8'?>
<?artifactRepository version='1.1.0'?>
<repository name='Bundle pool' type='org.eclipse.equinox.p2.artifact.repository.simpleRepository' version='1'>
  <properties size='2'>
    <property name='p2.system' value='true'/>
    <property name='p2.timestamp' value='1450864753907'/>
  </properties>
  <mappings size='3'>
    <rule filter='(&amp; (classifier=osgi.bundle))' output='${repoUrl}/plugins/${id}_${version}.jar'/>
    <rule filter='(&amp; (classifier=binary))' output='${repoUrl}/binary/${id}_${version}'/>
    <rule filter='(&amp; (classifier=org.eclipse.update.feature))' output='${repoUrl}/features/${id}_${version}.jar'/>
  </mappings>
  <artifacts size='247'>
    <artifact classifier='osgi.bundle' id='org.hamcrest.core' version='1.3.0.v201303031735'>
      <properties size='1'>
        <property name='download.size' value='55802'/>
      </properties>
    </artifact>
    <artifact classifier='osgi.bundle' id='org.eclipse.equinox.p2.repository' version='2.3.100.v20150428-1613'>
      <properties size='1'>
        <property name='download.size' value='131666'/>
      </properties>
    </artifact>
    <artifact classifier='org.eclipse.update.feature' id='org.eclipse.ecf.filetransfer.ssl.feature' version='1.0.0.v20150810-1719'>
      <properties size='1'>
        <property name='download.size' value='23135'/>
      </properties>
      <repositoryProperties size='1'>
        <property name='artifact.folder' value='true'/>
      </repositoryProperties>
    </artifact>
    <artifact classifier='osgi.bundle' id='org.lamport.tla.toolbox.tool.prover' version='1.0.0.201512230951'>
      <properties size='1'>
        <property name='download.size' value='104456'/>
      </properties>
    </artifact>
    <artifact classifier='osgi.bundle' id='org.eclipse.jface' version='3.11.0.v20150602-1400'>
      <properties size='1'>
        <property name='download.size' value='1188972'/>
      </properties>
    </artifact>
    <artifact classifier='org.eclipse.update.feature' id='org.lamport.tla.toolbox.feature.branding' version='1.0.0.201512230951'>
      <properties size='1'>
        <property name='download.size' value='37047'/>
      </properties>
      <repositoryProperties size='1'>
        <property name='artifact.folder' value='true'/>
      </repositoryProperties>
    </artifact>
    <artifact classifier='osgi.bundle' id='org.eclipse.ui.ide' version='3.11.0.v20150825-2158'>
      <properties size='1'>
        <property name='download.size' value='2352960'/>
      </properties>
    </artifact>
    <artifact classifier='osgi.bundle' id='org.eclipse.jface.text' version='3.10.0.v20150603-1752'>
      <properties size='1'>
        <property name='download.size' value='1016704'/>
      </properties>
    </artifact>
    <artifact classifier='org.eclipse.update.feature' id='org.lamport.tla.toolbox.feature.jnlp' version='1.0.0.201512230951'>
      <properties size='1'>
        <property name='download.size' value='33555'/>
      </properties>
      <repositoryProperties size='1'>
        <property name='artifact.folder' value='true'/>
      </repositoryProperties>
    </artifact>
    <artifact classifier='osgi.bundle' id='org.eclipse.equinox.p2.jarprocessor' version='1.0.400.v20150430-1836'>
      <properties size='1'>
        <property name='download.size' value='68720'/>
      </properties>
    </artifact>
    <artifact classifier='org.eclipse.update.feature' id='org.lamport.tlatools.feature' version='1.0.0.201512230951'>
      <properties size='1'>
        <property name='download.size' value='33491'/>
      </properties>
      <repositoryProperties size='1'>
        <property name='artifact.folder' value='true'/>
      </repositoryProperties>
    </artifact>
    <artifact classifier='osgi.bundle' id='org.eclipse.core.databinding' version='1.5.0.v20150422-0725'>
      <properties size='1'>
        <property name='download.size' value='200337'/>
      </properties>
    </artifact>
    <artifact classifier='osgi.bundle' id='org.eclipse.e4.ui.css.core' version='0.11.0.v20150511-1937'>
      <properties size='1'>
        <property name='download.size' value='212740'/>
      </properties>
    </artifact>
    <artifact classifier='osgi.bundle' id='org.sat4j.core' version='2.3.5.v201308161310'>
      <properties size='1'>
        <property name='download.size' value='363567'/>
      </properties>
    </artifact>
    <artifact classifier='org.eclipse.update.feature' id='org.eclipse.emf.common' version='2.11.0.v20150805-0538'>
      <properties size='1'>
        <property name='download.size' value='18220'/>
      </properties>
      <repositoryProperties size='1'>
        <property name='artifact.folder' value='true'/>
      </repositoryProperties>
    </artifact>
    <artifact classifier='osgi.bundle' id='org.eclipse.ecf.provider.filetransfer' version='3.2.200.v20150810-1719'>
      <properties size='1'>
        <property name='download.size' value='127790'/>
      </properties>
    </artifact>
    <artifact classifier='osgi.bundle' id='org.eclipse.core.variables' version='3.2.800.v20130819-1716'>
      <properties size='1'>
        <property name='download.size' value='34860'/>
      </properties>
    </artifact>
    <artifact classifier='osgi.bundle' id='jclouds-bouncycastle' version='1.9.1'>
      <properties size='1'>
        <property name='download.size' value='10673'/>
      </properties>
    </artifact>
    <artifact classifier='osgi.bundle' id='jclouds-slf4j' version='1.9.1'>
      <properties size='1'>
        <property name='download.size' value='11810'/>
      </properties>
    </artifact>
    <artifact classifier='org.eclipse.update.feature' id='org.lamport.tla.toolbox.feature.standalone' version='1.0.0.201512230951'>
      <properties size='1'>
        <property name='download.size' value='1539'/>
      </properties>
      <repositoryProperties size='1'>
        <property name='artifact.folder' value='true'/>
      </repositoryProperties>
    </artifact>
    <artifact classifier='osgi.bundle' id='org.apache.httpcomponents.httpclient' version='4.3.6.v201411290715'>
      <properties size='1'>
        <property name='download.size' value='850278'/>
      </properties>
    </artifact>
    <artifact classifier='osgi.bundle' id='org.eclipse.equinox.p2.artifact.repository' version='1.1.400.v20150513-2116'>
      <properties size='1'>
        <property name='download.size' value='140039'/>
      </properties>
    </artifact>
    <artifact classifier='osgi.bundle' id='org.eclipse.jdt.core' version='3.11.1.v20150902-1521'>
      <properties size='1'>
        <property name='download.size' value='5717817'/>
      </properties>
    </artifact>
    <artifact classifier='osgi.bundle' id='org.eclipse.osgi' version='3.10.101.v20150820-1432'>
      <properties size='1'>
        <property name='download.size' value='1306323'/>
      </properties>
    </artifact>
    <artifact classifier='osgi.bundle' id='org.tukaani.xz' version='1.3.0.v201308270617'>
      <properties size='1'>
        <property name='download.size' value='110366'/>
      </properties>
    </artifact>
    <artifact classifier='org.eclipse.update.feature' id='org.lamport.tla.toolbox.feature.editor' version='1.0.0.201512230951'>
      <properties size='1'>
        <property name='download.size' value='33748'/>
      </properties>
      <repositoryProperties size='1'>
        <property name='artifact.folder' value='true'/>
      </repositoryProperties>
    </artifact>
    <artifact classifier='osgi.bundle' id='org.apache.batik.css' version='1.7.0.v201011041433'>
      <properties size='1'>
        <property name='download.size' value='343722'/>
      </properties>
    </artifact>
    <artifact classifier='osgi.bundle' id='org.eclipse.e4.ui.services' version='1.2.0.v20150422-0725'>
      <properties size='1'>
        <property name='download.size' value='26519'/>
      </properties>
    </artifact>
    <artifact classifier='osgi.bundle' id='org.eclipse.equinox.console' version='1.1.100.v20141023-1406'>
      <properties size='1'>
        <property name='download.size' value='118822'/>
      </properties>
    </artifact>
    <artifact classifier='osgi.bundle' id='org.eclipse.equinox.event' version='1.3.100.v20140115-1647'>
      <properties size='1'>
        <property name='download.size' value='32352'/>
      </properties>
    </artifact>
    <artifact classifier='osgi.bundle' id='org.eclipse.swt' version='3.104.1.v20150825-0743'>
      <properties size='1'>
        <property name='download.size' value='19593'/>
      </properties>
    </artifact>
    <artifact classifier='osgi.bundle' id='org.eclipse.core.net' version='1.2.300.v20141118-1725'>
      <properties size='1'>
        <property name='download.size' value='71284'/>
      </properties>
    </artifact>
    <artifact classifier='osgi.bundle' id='org.eclipse.equinox.preferences' version='3.5.300.v20150408-1437'>
      <properties size='1'>
        <property name='download.size' value='128643'/>
      </properties>
    </artifact>
    <artifact classifier='osgi.bundle' id='org.eclipse.ecf.provider.filetransfer.httpclient4' version='1.0.2000.v20150810-1719'>
      <properties size='1'>
        <property name='download.size' value='71844'/>
      </properties>
    </artifact>
    <artifact classifier='osgi.bundle' id='org.apache.felix.gogo.runtime' version='0.10.0.v201209301036'>
      <properties size='1'>
        <property name='download.size' value='80249'/>
      </properties>
    </artifact>
    <artifact classifier='osgi.bundle' id='org.apache.servicemix.bundles.javax-inject' version='1.0.0.2'>
      <properties size='1'>
        <property name='download.size' value='10879'/>
      </properties>
    </artifact>
    <artifact classifier='osgi.bundle' id='jclouds-blobstore' version='1.9.1'>
      <properties size='1'>
        <property name='download.size' value='172746'/>
      </properties>
    </artifact>
    <artifact classifier='osgi.bundle' id='org.lamport.tla.toolbox.tool.tla2tex' version='1.0.0.201512230951'>
      <properties size='1'>
        <property name='download.size' value='19390'/>
      </properties>
    </artifact>
    <artifact classifier='osgi.bundle' id='org.eclipse.jetty.util' version='9.2.13.v20150730'>
      <properties size='1'>
        <property name='download.size' value='380636'/>
      </properties>
    </artifact>
    <artifact classifier='osgi.bundle' id='org.eclipse.e4.ui.dialogs' version='1.0.0.v20150513-0856'>
      <properties size='1'>
        <property name='download.size' value='46190'/>
      </properties>
    </artifact>
    <artifact classifier='osgi.bundle' id='jclouds-joda' version='1.9.1'>
      <properties size='1'>
        <property name='download.size' value='11855'/>
      </properties>
    </artifact>
    <artifact classifier='osgi.bundle' id='org.eclipse.equinox.launcher' version='1.3.100.v20150511-1540'>
      <properties size='1'>
        <property name='download.size' value='50527'/>
      </properties>
    </artifact>
    <artifact classifier='osgi.bundle' id='ch.qos.logback.core' version='1.0.9'>
      <properties size='1'>
        <property name='download.size' value='366462'/>
      </properties>
    </artifact>
    <artifact classifier='osgi.bundle' id='com.google.inject' version='3.0.0'>
      <properties size='1'>
        <property name='download.size' value='710492'/>
      </properties>
    </artifact>
    <artifact classifier='osgi.bundle' id='org.eclipse.e4.ui.model.workbench' version='1.1.100.v20150407-1430'>
      <properties size='1'>
        <property name='download.size' value='376758'/>
      </properties>
    </artifact>
    <artifact classifier='osgi.bundle' id='org.eclipse.core.resources' version='3.10.1.v20150725-1910'>
      <properties size='1'>
        <property name='download.size' value='884203'/>
      </properties>
    </artifact>
    <artifact classifier='osgi.bundle' id='org.junit' version='4.12.0.v201504281640'>
      <properties size='1'>
        <property name='download.size' value='291025'/>
      </properties>
      <repositoryProperties size='1'>
        <property name='artifact.folder' value='true'/>
      </repositoryProperties>
    </artifact>
    <artifact classifier='osgi.bundle' id='org.eclipse.equinox.bidi' version='0.10.0.v20130327-1442'>
      <properties size='1'>
        <property name='download.size' value='48549'/>
      </properties>
    </artifact>
    <artifact classifier='osgi.bundle' id='org.eclipse.ecf.provider.filetransfer.ssl' version='1.0.0.v20150810-1719'>
      <properties size='1'>
        <property name='download.size' value='9955'/>
      </properties>
    </artifact>
    <artifact classifier='osgi.bundle' id='org.eclipse.e4.ui.widgets' version='1.1.0.v20150427-1751'>
      <properties size='1'>
        <property name='download.size' value='14311'/>
      </properties>
    </artifact>
    <artifact classifier='osgi.bundle' id='org.eclipse.equinox.common' version='3.7.0.v20150402-1709'>
      <properties size='1'>
        <property name='download.size' value='111675'/>
      </properties>
    </artifact>
    <artifact classifier='osgi.bundle' id='org.eclipse.equinox.http.registry' version='1.1.300.v20130402-1529'>
      <properties size='1'>
        <property name='download.size' value='45207'/>
      </properties>
    </artifact>
    <artifact classifier='osgi.bundle' id='org.eclipse.equinox.p2.operations' version='2.4.100.v20150423-1455'>
      <properties size='1'>
        <property name='download.size' value='75972'/>
      </properties>
    </artifact>
    <artifact classifier='osgi.bundle' id='org.eclipse.ui.intro.universal' version='3.2.800.v20150325-0952'>
      <properties size='1'>
        <property name='download.size' value='1641275'/>
      </properties>
    </artifact>
    <artifact classifier='osgi.bundle' id='org.eclipse.jetty.io' version='9.2.13.v20150730'>
      <properties size='1'>
        <property name='download.size' value='120600'/>
      </properties>
    </artifact>
    <artifact classifier='osgi.bundle' id='org.eclipse.ui.workbench' version='3.107.0.v20150825-2206'>
      <properties size='1'>
        <property name='download.size' value='4021453'/>
      </properties>
    </artifact>
    <artifact classifier='osgi.bundle' id='javax.mail' version='1.4.0.v201005080615'>
      <properties size='1'>
        <property name='download.size' value='320960'/>
      </properties>
    </artifact>
    <artifact classifier='org.eclipse.update.feature' id='org.eclipse.rcp' version='4.5.1.v20150904-0015'>
      <properties size='1'>
        <property name='download.size' value='18256'/>
      </properties>
      <repositoryProperties size='1'>
        <property name='artifact.folder' value='true'/>
      </repositoryProperties>
    </artifact>
    <artifact classifier='osgi.bundle' id='org.eclipse.equinox.util' version='1.0.500.v20130404-1337'>
      <properties size='1'>
        <property name='download.size' value='77932'/>
      </properties>
    </artifact>
    <artifact classifier='osgi.bundle' id='org.eclipse.update.configurator' version='3.3.300.v20140518-1928'>
      <properties size='1'>
        <property name='download.size' value='101014'/>
      </properties>
    </artifact>
    <artifact classifier='osgi.bundle' id='org.lamport.tla.toolbox' version='1.0.0.201512230951'>
      <properties size='1'>
        <property name='download.size' value='357240'/>
      </properties>
      <repositoryProperties size='1'>
        <property name='artifact.folder' value='true'/>
      </repositoryProperties>
    </artifact>
    <artifact classifier='osgi.bundle' id='org.lamport.tlatools' version='1.0.0.201512230951'>
      <properties size='1'>
        <property name='download.size' value='2573250'/>
      </properties>
      <repositoryProperties size='1'>
        <property name='artifact.folder' value='true'/>
      </repositoryProperties>
    </artifact>
    <artifact classifier='osgi.bundle' id='org.apache.servicemix.bundles.java-xmlbuilder' version='0.6.0.1'>
      <properties size='1'>
        <property name='download.size' value='30631'/>
      </properties>
    </artifact>
    <artifact classifier='osgi.bundle' id='org.eclipse.team.ui' version='3.7.200.v20150203-1452'>
      <properties size='1'>
        <property name='download.size' value='1440361'/>
      </properties>
    </artifact>
    <artifact classifier='osgi.bundle' id='org.eclipse.equinox.security.ui' version='1.1.201.v20150803-1228'>
      <properties size='1'>
        <property name='download.size' value='186027'/>
      </properties>
    </artifact>
    <artifact classifier='osgi.bundle' id='org.lamport.tla.toolbox.product.standalone' version='1.0.0.201512230951'>
      <properties size='1'>
        <property name='download.size' value='73427'/>
      </properties>
    </artifact>
    <artifact classifier='osgi.bundle' id='com.google.inject.assistedinject' version='3.0.0'>
      <properties size='1'>
        <property name='download.size' value='36998'/>
      </properties>
    </artifact>
    <artifact classifier='osgi.bundle' id='org.eclipse.e4.core.di' version='1.5.0.v20150421-2214'>
      <properties size='1'>
        <property name='download.size' value='51686'/>
      </properties>
    </artifact>
    <artifact classifier='org.eclipse.update.feature' id='org.eclipse.help' version='2.1.1.v20150904-0015'>
      <properties size='1'>
        <property name='download.size' value='18585'/>
      </properties>
      <repositoryProperties size='1'>
        <property name='artifact.folder' value='true'/>
      </repositoryProperties>
    </artifact>
    <artifact classifier='osgi.bundle' id='org.eclipse.ui.workbench.texteditor' version='3.9.100.v20141023-1946'>
      <properties size='1'>
        <property name='download.size' value='587218'/>
      </properties>
    </artifact>
    <artifact classifier='osgi.bundle' id='org.w3c.dom.events' version='3.0.0.draft20060413_v201105210656'>
      <properties size='1'>
        <property name='download.size' value='13309'/>
      </properties>
    </artifact>
    <artifact classifier='osgi.bundle' id='org.eclipse.core.runtime' version='3.11.1.v20150903-1804'>
      <properties size='1'>
        <property name='download.size' value='78923'/>
      </properties>
    </artifact>
    <artifact classifier='osgi.bundle' id='org.eclipse.equinox.p2.metadata' version='2.3.0.v20150511-1532'>
      <properties size='1'>
        <property name='download.size' value='342666'/>
      </properties>
    </artifact>
    <artifact classifier='osgi.bundle' id='org.lamport.tla.toolbox.tool.tlc' version='1.0.0.201512230951'>
      <properties size='1'>
        <property name='download.size' value='115491'/>
      </properties>
    </artifact>
    <artifact classifier='osgi.bundle' id='s3' version='1.9.1'>
      <properties size='1'>
        <property name='download.size' value='191014'/>
      </properties>
    </artifact>
    <artifact classifier='osgi.bundle' id='azurecompute' version='1.9.1'>
      <properties size='1'>
        <property name='download.size' value='482414'/>
      </properties>
    </artifact>
    <artifact classifier='osgi.bundle' id='org.eclipse.equinox.jsp.jasper' version='1.0.500.v20150119-1358'>
      <properties size='1'>
        <property name='download.size' value='28120'/>
      </properties>
    </artifact>
    <artifact classifier='osgi.bundle' id='org.eclipse.e4.ui.bindings' version='0.11.0.v20150422-0725'>
      <properties size='1'>
        <property name='download.size' value='49705'/>
      </properties>
    </artifact>
    <artifact classifier='org.eclipse.update.feature' id='org.eclipse.ecf.filetransfer.feature' version='3.10.1.v20150810-1719'>
      <properties size='1'>
        <property name='download.size' value='27275'/>
      </properties>
      <repositoryProperties size='1'>
        <property name='artifact.folder' value='true'/>
      </repositoryProperties>
    </artifact>
    <artifact classifier='osgi.bundle' id='org.apache.servicemix.bundles.aopalliance' version='1.0.0.6'>
      <properties size='1'>
        <property name='download.size' value='16513'/>
      </properties>
    </artifact>
    <artifact classifier='osgi.bundle' id='com.sun.jna' version='4.1.0'>
      <properties size='1'>
        <property name='download.size' value='914597'/>
      </properties>
    </artifact>
    <artifact classifier='osgi.bundle' id='org.eclipse.core.expressions' version='3.5.0.v20150421-2214'>
      <properties size='1'>
        <property name='download.size' value='90250'/>
      </properties>
    </artifact>
    <artifact classifier='osgi.bundle' id='org.apache.batik.util' version='1.7.0.v201011041433'>
      <properties size='1'>
        <property name='download.size' value='150535'/>
      </properties>
    </artifact>
    <artifact classifier='osgi.bundle' id='org.eclipse.e4.ui.css.swt' version='0.12.0.v20150511-1003'>
      <properties size='1'>
        <property name='download.size' value='220646'/>
      </properties>
    </artifact>
    <artifact classifier='osgi.bundle' id='org.eclipse.e4.core.di.extensions' version='0.13.0.v20150421-2214'>
      <properties size='1'>
        <property name='download.size' value='28475'/>
      </properties>
    </artifact>
    <artifact classifier='osgi.bundle' id='org.apache.httpcomponents.httpcore' version='4.3.3.v201411290715'>
      <properties size='1'>
        <property name='download.size' value='318633'/>
      </properties>
    </artifact>
    <artifact classifier='osgi.bundle' id='jclouds-compute' version='1.9.1'>
      <properties size='1'>
        <property name='download.size' value='514481'/>
      </properties>
    </artifact>
    <artifact classifier='osgi.bundle' id='org.eclipse.compare.core' version='3.5.500.v20150505-1058'>
      <properties size='1'>
        <property name='download.size' value='63692'/>
      </properties>
    </artifact>
    <artifact classifier='osgi.bundle' id='org.eclipse.e4.core.di.annotations' version='1.4.0.v20150528-1451'>
      <properties size='1'>
        <property name='download.size' value='10680'/>
      </properties>
    </artifact>
    <artifact classifier='osgi.bundle' id='org.eclipse.osgi.compatibility.state' version='1.0.100.v20150402-1551'>
      <properties size='1'>
        <property name='download.size' value='241527'/>
      </properties>
    </artifact>
    <artifact classifier='osgi.bundle' id='org.eclipse.ecf' version='3.5.0.v20150810-1719'>
      <properties size='1'>
        <property name='download.size' value='101416'/>
      </properties>
    </artifact>
    <artifact classifier='osgi.bundle' id='javax.inject' version='1.0.0.v20091030'>
      <properties size='1'>
        <property name='download.size' value='12288'/>
      </properties>
    </artifact>
    <artifact classifier='osgi.bundle' id='org.eclipse.e4.ui.workbench' version='1.3.0.v20150531-1948'>
      <properties size='1'>
        <property name='download.size' value='287470'/>
      </properties>
    </artifact>
    <artifact classifier='osgi.bundle' id='net.schmizz.sshj' version='0.9.0'>
      <properties size='1'>
        <property name='download.size' value='350282'/>
      </properties>
    </artifact>
    <artifact classifier='osgi.bundle' id='org.eclipse.core.databinding.beans' version='1.3.0.v20150422-0725'>
      <properties size='1'>
        <property name='download.size' value='79096'/>
      </properties>
    </artifact>
    <artifact classifier='org.eclipse.update.feature' id='org.eclipse.ecf.core.ssl.feature' version='1.0.0.v20150810-1719'>
      <properties size='1'>
        <property name='download.size' value='19009'/>
      </properties>
      <repositoryProperties size='1'>
        <property name='artifact.folder' value='true'/>
      </repositoryProperties>
    </artifact>
    <artifact classifier='osgi.bundle' id='org.eclipse.jetty.http' version='9.2.13.v20150730'>
      <properties size='1'>
        <property name='download.size' value='116143'/>
      </properties>
    </artifact>
    <artifact classifier='osgi.bundle' id='org.eclipse.equinox.security' version='1.2.100.v20150423-1356'>
      <properties size='1'>
        <property name='download.size' value='108521'/>
      </properties>
    </artifact>
    <artifact classifier='osgi.bundle' id='org.eclipse.e4.ui.workbench3' version='0.13.0.v20150422-0725'>
      <properties size='1'>
        <property name='download.size' value='9889'/>
      </properties>
    </artifact>
    <artifact classifier='osgi.bundle' id='aws-s3' version='1.9.1'>
      <properties size='1'>
        <property name='download.size' value='31112'/>
      </properties>
    </artifact>
    <artifact classifier='osgi.bundle' id='org.jboss.netty' version='3.5.9.Final'>
      <properties size='1'>
        <property name='download.size' value='1128961'/>
      </properties>
    </artifact>
    <artifact classifier='osgi.bundle' id='org.eclipse.osgi.services' version='3.5.0.v20150519-2006'>
      <properties size='1'>
        <property name='download.size' value='110093'/>
      </properties>
    </artifact>
    <artifact classifier='osgi.bundle' id='org.eclipse.equinox.p2.ui.sdk.scheduler' version='1.2.100.v20150423-1455'>
      <properties size='1'>
        <property name='download.size' value='116612'/>
      </properties>
    </artifact>
    <artifact classifier='osgi.bundle' id='org.eclipse.e4.ui.workbench.addons.swt' version='1.2.0.v20150512-1414'>
      <properties size='1'>
        <property name='download.size' value='146328'/>
      </properties>
    </artifact>
    <artifact classifier='osgi.bundle' id='org.eclipse.jetty.servlet' version='9.2.13.v20150730'>
      <properties size='1'>
        <property name='download.size' value='125573'/>
      </properties>
    </artifact>
    <artifact classifier='osgi.bundle' id='org.apache.jasper.glassfish' version='2.2.2.v201501141630'>
      <properties size='1'>
        <property name='download.size' value='2436402'/>
      </properties>
    </artifact>
    <artifact classifier='osgi.bundle' id='org.eclipse.e4.ui.workbench.swt' version='0.13.0.v20150504-0621'>
      <properties size='1'>
        <property name='download.size' value='181935'/>
      </properties>
    </artifact>
    <artifact classifier='osgi.bundle' id='org.eclipse.equinox.p2.metadata.repository' version='1.2.200.v20150428-1613'>
      <properties size='1'>
        <property name='download.size' value='119279'/>
      </properties>
    </artifact>
    <artifact classifier='osgi.bundle' id='bcprov-ext' version='1.49.0'>
      <properties size='1'>
        <property name='download.size' value='2552449'/>
      </properties>
    </artifact>
    <artifact classifier='osgi.bundle' id='org.eclipse.core.filesystem' version='1.5.0.v20150725-1910'>
      <properties size='1'>
        <property name='download.size' value='61505'/>
      </properties>
    </artifact>
    <artifact classifier='osgi.bundle' id='bcpkix' version='1.49.0'>
      <properties size='1'>
        <property name='download.size' value='629662'/>
      </properties>
    </artifact>
    <artifact classifier='org.eclipse.update.feature' id='org.eclipse.ecf.core.feature' version='1.1.0.v20150810-1719'>
      <properties size='1'>
        <property name='download.size' value='19033'/>
      </properties>
      <repositoryProperties size='1'>
        <property name='artifact.folder' value='true'/>
      </repositoryProperties>
    </artifact>
    <artifact classifier='org.eclipse.update.feature' id='org.eclipse.equinox.p2.core.feature' version='1.3.100.v20150527-1706'>
      <properties size='1'>
        <property name='download.size' value='17702'/>
      </properties>
      <repositoryProperties size='1'>
        <property name='artifact.folder' value='true'/>
      </repositoryProperties>
    </artifact>
    <artifact classifier='osgi.bundle' id='org.lamport.tla.toolbox.editor.basic' version='1.0.0.201512230951'>
      <properties size='1'>
        <property name='download.size' value='285223'/>
      </properties>
    </artifact>
    <artifact classifier='osgi.bundle' id='org.eclipse.equinox.p2.director' version='2.3.200.v20150423-1455'>
      <properties size='1'>
        <property name='download.size' value='103538'/>
      </properties>
    </artifact>
    <artifact classifier='osgi.bundle' id='org.eclipse.jdt.launching' version='3.8.0.v20150527-0946'>
      <properties size='1'>
        <property name='download.size' value='341773'/>
      </properties>
    </artifact>
    <artifact classifier='osgi.bundle' id='org.eclipse.text' version='3.5.400.v20150505-1044'>
      <properties size='1'>
        <property name='download.size' value='253256'/>
      </properties>
    </artifact>
    <artifact classifier='org.eclipse.update.feature' id='org.lamport.tla.toolbox.feature.jclouds' version='1.0.0.201512230951'>
      <properties size='1'>
        <property name='download.size' value='33546'/>
      </properties>
      <repositoryProperties size='1'>
        <property name='artifact.folder' value='true'/>
      </repositoryProperties>
    </artifact>
    <artifact classifier='osgi.bundle' id='javax.activation' version='1.1.0.v201211130549'>
      <properties size='1'>
        <property name='download.size' value='55674'/>
      </properties>
    </artifact>
    <artifact classifier='org.eclipse.update.feature' id='org.eclipse.equinox.p2.rcp.feature' version='1.2.101.v20150826-1318'>
      <properties size='1'>
        <property name='download.size' value='18205'/>
      </properties>
      <repositoryProperties size='1'>
        <property name='artifact.folder' value='true'/>
      </repositoryProperties>
    </artifact>
    <artifact classifier='osgi.bundle' id='org.eclipse.e4.core.services' version='2.0.0.v20150403-1912'>
      <properties size='1'>
        <property name='download.size' value='53863'/>
      </properties>
    </artifact>
    <artifact classifier='osgi.bundle' id='org.eclipse.equinox.p2.core' version='2.4.0.v20150527-1706'>
      <properties size='1'>
        <property name='download.size' value='72151'/>
      </properties>
    </artifact>
    <artifact classifier='osgi.bundle' id='org.eclipse.e4.core.commands' version='0.11.0.v20150422-0725'>
      <properties size='1'>
        <property name='download.size' value='25679'/>
      </properties>
    </artifact>
    <artifact classifier='osgi.bundle' id='org.eclipse.equinox.p2.engine' version='2.4.0.v20150511-1532'>
      <properties size='1'>
        <property name='download.size' value='206643'/>
      </properties>
    </artifact>
    <artifact classifier='osgi.bundle' id='joda-time' version='2.1.0'>
      <properties size='1'>
        <property name='download.size' value='570478'/>
      </properties>
    </artifact>
    <artifact classifier='osgi.bundle' id='org.eclipse.emf.ecore.xmi' version='2.11.1.v20150805-0538'>
      <properties size='1'>
        <property name='download.size' value='230426'/>
      </properties>
    </artifact>
    <artifact classifier='org.eclipse.update.feature' id='org.apache.jclouds.feature' version='1.9.1.2'>
      <properties size='1'>
        <property name='download.size' value='862'/>
      </properties>
      <repositoryProperties size='1'>
        <property name='artifact.folder' value='true'/>
      </repositoryProperties>
    </artifact>
    <artifact classifier='osgi.bundle' id='org.eclipse.jetty.server' version='9.2.13.v20150730'>
      <properties size='1'>
        <property name='download.size' value='440966'/>
      </properties>
    </artifact>
    <artifact classifier='osgi.bundle' id='org.eclipse.ui.console' version='3.6.100.v20150822-1912'>
      <properties size='1'>
        <property name='download.size' value='191378'/>
      </properties>
    </artifact>
    <artifact classifier='osgi.bundle' id='org.eclipse.rcp' version='4.5.1.v20150904-0015'>
      <properties size='1'>
        <property name='download.size' value='11351'/>
      </properties>
    </artifact>
    <artifact classifier='osgi.bundle' id='org.eclipse.e4.ui.di' version='1.1.0.v20150422-0725'>
      <properties size='1'>
        <property name='download.size' value='15670'/>
      </properties>
    </artifact>
    <artifact classifier='osgi.bundle' id='org.eclipse.core.filesystem.linux.x86_64' version='1.2.200.v20140124-1940'>
      <properties size='1'>
        <property name='download.size' value='10610'/>
      </properties>
    </artifact>
    <artifact classifier='org.eclipse.update.feature' id='org.lamport.tla.toolbox.feature.prover' version='1.0.0.201512230951'>
      <properties size='1'>
        <property name='download.size' value='33423'/>
      </properties>
      <repositoryProperties size='1'>
        <property name='artifact.folder' value='true'/>
      </repositoryProperties>
    </artifact>
    <artifact classifier='osgi.bundle' id='com.google.guava' version='16.0.1'>
      <properties size='1'>
        <property name='download.size' value='2228009'/>
      </properties>
    </artifact>
    <artifact classifier='osgi.bundle' id='org.eclipse.ecf.provider.filetransfer.httpclient4.ssl' version='1.1.0.v20150810-1719'>
      <properties size='1'>
        <property name='download.size' value='14250'/>
      </properties>
    </artifact>
    <artifact classifier='osgi.bundle' id='org.eclipse.equinox.jsp.jasper.registry' version='1.0.300.v20130327-1442'>
      <properties size='1'>
        <property name='download.size' value='12190'/>
      </properties>
    </artifact>
    <artifact classifier='osgi.bundle' id='org.eclipse.help.webapp' version='3.7.0.v20150425-0643'>
      <properties size='1'>
        <property name='download.size' value='634264'/>
      </properties>
    </artifact>
    <artifact classifier='osgi.bundle' id='javax.annotation' version='1.2.0.v201401042248'>
      <properties size='1'>
        <property name='download.size' value='28155'/>
      </properties>
    </artifact>
    <artifact classifier='osgi.bundle' id='org.eclipse.equinox.app' version='1.3.300.v20150423-1356'>
      <properties size='1'>
        <property name='download.size' value='86680'/>
      </properties>
    </artifact>
    <artifact classifier='osgi.bundle' id='org.lamport.tla.toolbox.jnlp' version='1.0.0.201512230951'>
      <properties size='1'>
        <property name='download.size' value='6391681'/>
      </properties>
    </artifact>
    <artifact classifier='osgi.bundle' id='javax.servlet.jsp' version='2.2.0.v201112011158'>
      <properties size='1'>
        <property name='download.size' value='107235'/>
      </properties>
    </artifact>
    <artifact classifier='osgi.bundle' id='org.eclipse.core.jobs' version='3.7.0.v20150330-2103'>
      <properties size='1'>
        <property name='download.size' value='107123'/>
      </properties>
    </artifact>
    <artifact classifier='osgi.bundle' id='jclouds-netty' version='1.9.1'>
      <properties size='1'>
        <property name='download.size' value='11860'/>
      </properties>
    </artifact>
    <artifact classifier='osgi.bundle' id='org.w3c.dom.svg' version='1.1.0.v201011041433'>
      <properties size='1'>
        <property name='download.size' value='87897'/>
      </properties>
    </artifact>
    <artifact classifier='osgi.bundle' id='com.google.gson' version='2.3.0'>
      <properties size='1'>
        <property name='download.size' value='206853'/>
      </properties>
    </artifact>
    <artifact classifier='osgi.bundle' id='org.eclipse.equinox.p2.ui' version='2.4.0.v20150425-0422'>
      <properties size='1'>
        <property name='download.size' value='581193'/>
      </properties>
    </artifact>
    <artifact classifier='osgi.bundle' id='jclouds-core' version='1.9.1'>
      <properties size='1'>
        <property name='download.size' value='731665'/>
      </properties>
    </artifact>
    <artifact classifier='org.eclipse.update.feature' id='org.lamport.tla.toolbox.feature.help' version='1.0.0.201512230951'>
      <properties size='1'>
        <property name='download.size' value='33435'/>
      </properties>
      <repositoryProperties size='1'>
        <property name='artifact.folder' value='true'/>
      </repositoryProperties>
    </artifact>
    <artifact classifier='osgi.bundle' id='org.apache.servicemix.bundles.jsch' version='0.1.51.1'>
      <properties size='1'>
        <property name='download.size' value='273826'/>
      </properties>
    </artifact>
    <artifact classifier='osgi.bundle' id='javax.xml' version='1.3.4.v201005080400'>
      <properties size='1'>
        <property name='download.size' value='237996'/>
      </properties>
    </artifact>
    <artifact classifier='osgi.bundle' id='org.apache.commons.io' version='2.0.1.v201105210651'>
      <properties size='1'>
        <property name='download.size' value='170843'/>
      </properties>
    </artifact>
    <artifact classifier='org.eclipse.update.feature' id='org.eclipse.emf.ecore' version='2.11.1.v20150805-0538'>
      <properties size='1'>
        <property name='download.size' value='18256'/>
      </properties>
      <repositoryProperties size='1'>
        <property name='artifact.folder' value='true'/>
      </repositoryProperties>
    </artifact>
    <artifact classifier='osgi.bundle' id='org.eclipse.equinox.ds' version='1.4.300.v20150423-1356'>
      <properties size='1'>
        <property name='download.size' value='195728'/>
      </properties>
    </artifact>
    <artifact classifier='osgi.bundle' id='org.apache.commons.jxpath' version='1.3.0.v200911051830'>
      <properties size='1'>
        <property name='download.size' value='314815'/>
      </properties>
    </artifact>
    <artifact classifier='osgi.bundle' id='org.eclipse.core.commands' version='3.7.0.v20150422-0725'>
      <properties size='1'>
        <property name='download.size' value='113716'/>
      </properties>
    </artifact>
    <artifact classifier='osgi.bundle' id='org.apache.batik.util.gui' version='1.7.0.v200903091627'>
      <properties size='1'>
        <property name='download.size' value='201287'/>
      </properties>
    </artifact>
    <artifact classifier='osgi.bundle' id='org.eclipse.equinox.launcher.gtk.linux.x86_64' version='1.1.300.v20150602-1417'>
      <properties size='1'>
        <property name='download.size' value='82125'/>
      </properties>
      <repositoryProperties size='1'>
        <property name='artifact.folder' value='true'/>
      </repositoryProperties>
    </artifact>
    <artifact classifier='osgi.bundle' id='org.eclipse.equinox.p2.garbagecollector' version='1.0.200.v20131115-1210'>
      <properties size='1'>
        <property name='download.size' value='25061'/>
      </properties>
    </artifact>
    <artifact classifier='osgi.bundle' id='org.eclipse.equinox.concurrent' version='1.1.0.v20130327-1442'>
      <properties size='1'>
        <property name='download.size' value='25493'/>
      </properties>
    </artifact>
    <artifact classifier='osgi.bundle' id='com.ibm.icu' version='54.1.1.v201501272100'>
      <properties size='1'>
        <property name='download.size' value='11411288'/>
      </properties>
    </artifact>
    <artifact classifier='osgi.bundle' id='org.eclipse.equinox.p2.touchpoint.eclipse' version='2.1.300.v20150423-1455'>
      <properties size='1'>
        <property name='download.size' value='127923'/>
      </properties>
    </artifact>
    <artifact classifier='osgi.bundle' id='org.lamport.tlatools.impl.distributed' version='1.0.0.201512230951'>
      <properties size='1'>
        <property name='download.size' value='5041'/>
      </properties>
    </artifact>
    <artifact classifier='osgi.bundle' id='org.eclipse.help.ui' version='4.0.100.v20140401-0608'>
      <properties size='1'>
        <property name='download.size' value='498666'/>
      </properties>
    </artifact>
    <artifact classifier='osgi.bundle' id='org.eclipse.ui.intro' version='3.4.300.v20141007-1449'>
      <properties size='1'>
        <property name='download.size' value='309325'/>
      </properties>
    </artifact>
    <artifact classifier='osgi.bundle' id='org.eclipse.core.databinding.observable' version='1.5.0.v20150422-0725'>
      <properties size='1'>
        <property name='download.size' value='311734'/>
      </properties>
    </artifact>
    <artifact classifier='osgi.bundle' id='org.apache.felix.gogo.shell' version='0.10.0.v201212101605'>
      <properties size='1'>
        <property name='download.size' value='60827'/>
      </properties>
    </artifact>
    <artifact classifier='osgi.bundle' id='org.eclipse.equinox.frameworkadmin' version='2.0.200.v20150423-1455'>
      <properties size='1'>
        <property name='download.size' value='36365'/>
      </properties>
    </artifact>
    <artifact classifier='osgi.bundle' id='org.eclipse.equinox.p2.console' version='1.0.400.v20150423-1455'>
      <properties size='1'>
        <property name='download.size' value='27371'/>
      </properties>
    </artifact>
    <artifact classifier='osgi.bundle' id='slf4j.api' version='1.7.2'>
      <properties size='1'>
        <property name='download.size' value='26083'/>
      </properties>
    </artifact>
    <artifact classifier='osgi.bundle' id='org.eclipse.ui.views.properties.tabbed' version='3.6.100.v20150423-0822'>
      <properties size='1'>
        <property name='download.size' value='107337'/>
      </properties>
    </artifact>
    <artifact classifier='osgi.bundle' id='jclouds-scriptbuilder' version='1.9.1'>
      <properties size='1'>
        <property name='download.size' value='173390'/>
      </properties>
    </artifact>
    <artifact classifier='osgi.bundle' id='org.eclipse.equinox.p2.ui.sdk' version='1.0.400.v20150423-1455'>
      <properties size='1'>
        <property name='download.size' value='48561'/>
      </properties>
    </artifact>
    <artifact classifier='osgi.bundle' id='org.eclipse.equinox.simpleconfigurator' version='1.1.100.v20150423-1455'>
      <properties size='1'>
        <property name='download.size' value='43279'/>
      </properties>
    </artifact>
    <artifact classifier='osgi.bundle' id='org.eclipse.ui' version='3.107.0.v20150507-1945'>
      <properties size='1'>
        <property name='download.size' value='276456'/>
      </properties>
    </artifact>
    <artifact classifier='osgi.bundle' id='org.eclipse.ui.forms' version='3.6.200.v20150506-2029'>
      <properties size='1'>
        <property name='download.size' value='317993'/>
      </properties>
    </artifact>
    <artifact classifier='osgi.bundle' id='org.eclipse.ecf.identity' version='3.6.0.v20150810-1719'>
      <properties size='1'>
        <property name='download.size' value='62383'/>
      </properties>
    </artifact>
    <artifact classifier='osgi.bundle' id='org.eclipse.ecf.ssl' version='1.2.0.v20150810-1719'>
      <properties size='1'>
        <property name='download.size' value='14781'/>
      </properties>
    </artifact>
    <artifact classifier='osgi.bundle' id='org.sat4j.pb' version='2.3.5.v201404071733'>
      <properties size='1'>
        <property name='download.size' value='242556'/>
      </properties>
    </artifact>
    <artifact classifier='osgi.bundle' id='org.eclipse.e4.ui.workbench.renderers.swt' version='0.13.0.v20150901-1347'>
      <properties size='1'>
        <property name='download.size' value='351320'/>
      </properties>
    </artifact>
    <artifact classifier='osgi.bundle' id='org.eclipse.core.filebuffers' version='3.5.500.v20140723-1040'>
      <properties size='1'>
        <property name='download.size' value='114861'/>
      </properties>
    </artifact>
    <artifact classifier='osgi.bundle' id='org.eclipse.jdt.debug' version='3.9.0.v20150528-1838'>
      <properties size='1'>
        <property name='download.size' value='918582'/>
      </properties>
      <repositoryProperties size='1'>
        <property name='artifact.folder' value='true'/>
      </repositoryProperties>
    </artifact>
    <artifact classifier='osgi.bundle' id='org.eclipse.jetty.security' version='9.2.13.v20150730'>
      <properties size='1'>
        <property name='download.size' value='106815'/>
      </properties>
    </artifact>
    <artifact classifier='osgi.bundle' id='javax.ws.rs.jsr311-api' version='1.1.1'>
      <properties size='1'>
        <property name='download.size' value='46367'/>
      </properties>
    </artifact>
    <artifact classifier='osgi.bundle' id='com.jcraft.jsch' version='0.1.53.v201508180515'>
      <properties size='1'>
        <property name='download.size' value='301911'/>
      </properties>
    </artifact>
    <artifact classifier='osgi.bundle' id='org.eclipse.debug.core' version='3.10.0.v20150303-1130'>
      <properties size='1'>
        <property name='download.size' value='362280'/>
      </properties>
    </artifact>
    <artifact classifier='osgi.bundle' id='org.eclipse.jetty.continuation' version='9.2.13.v20150730'>
      <properties size='1'>
        <property name='download.size' value='22882'/>
      </properties>
    </artifact>
    <artifact classifier='osgi.bundle' id='ch.qos.logback.classic' version='1.0.9'>
      <properties size='1'>
        <property name='download.size' value='252684'/>
      </properties>
    </artifact>
    <artifact classifier='osgi.bundle' id='org.eclipse.ui.views' version='3.8.0.v20150422-0725'>
      <properties size='1'>
        <property name='download.size' value='100147'/>
      </properties>
    </artifact>
    <artifact classifier='osgi.bundle' id='org.apache.lucene.analysis' version='3.5.0.v20120725-1805'>
      <properties size='1'>
        <property name='download.size' value='909272'/>
      </properties>
    </artifact>
    <artifact classifier='osgi.bundle' id='org.eclipse.e4.ui.css.swt.theme' version='0.10.0.v20150422-0725'>
      <properties size='1'>
        <property name='download.size' value='26436'/>
      </properties>
    </artifact>
    <artifact classifier='osgi.bundle' id='rocoto' version='6.2.0'>
      <properties size='1'>
        <property name='download.size' value='48178'/>
      </properties>
    </artifact>
    <artifact classifier='osgi.bundle' id='org.eclipse.e4.emf.xpath' version='0.1.100.v20150513-0856'>
      <properties size='1'>
        <property name='download.size' value='49032'/>
      </properties>
    </artifact>
    <artifact classifier='osgi.bundle' id='org.apache.commons.logging' version='1.1.1.v201101211721'>
      <properties size='1'>
        <property name='download.size' value='68107'/>
      </properties>
    </artifact>
    <artifact classifier='osgi.bundle' id='org.eclipse.core.contenttype' version='3.5.0.v20150421-2214'>
      <properties size='1'>
        <property name='download.size' value='99189'/>
      </properties>
    </artifact>
    <artifact classifier='osgi.bundle' id='com.sun.el' version='2.2.0.v201303151357'>
      <properties size='1'>
        <property name='download.size' value='137042'/>
      </properties>
    </artifact>
    <artifact classifier='osgi.bundle' id='org.apache.felix.gogo.command' version='0.10.0.v201209301215'>
      <properties size='1'>
        <property name='download.size' value='57646'/>
      </properties>
    </artifact>
    <artifact classifier='osgi.bundle' id='org.apache.lucene.core' version='3.5.0.v20120725-1805'>
      <properties size='1'>
        <property name='download.size' value='1550773'/>
      </properties>
    </artifact>
    <artifact classifier='osgi.bundle' id='javax.el' version='2.2.0.v201303151357'>
      <properties size='1'>
        <property name='download.size' value='56002'/>
      </properties>
    </artifact>
    <artifact classifier='osgi.bundle' id='org.lamport.tlatools.api' version='1.0.0.201512230951'>
      <properties size='1'>
        <property name='download.size' value='1217'/>
      </properties>
    </artifact>
    <artifact classifier='osgi.bundle' id='ec2' version='1.9.1'>
      <properties size='1'>
        <property name='download.size' value='407398'/>
      </properties>
    </artifact>
    <artifact classifier='osgi.bundle' id='javax.servlet' version='3.1.0.v201410161800'>
      <properties size='1'>
        <property name='download.size' value='105237'/>
      </properties>
    </artifact>
    <artifact classifier='osgi.bundle' id='org.lamport.tla.toolbox.tool.tlc.ui' version='1.0.0.201512230951'>
      <properties size='1'>
        <property name='download.size' value='423077'/>
      </properties>
    </artifact>
    <artifact classifier='osgi.bundle' id='org.eclipse.help' version='3.6.0.v20130326-1254'>
      <properties size='1'>
        <property name='download.size' value='258927'/>
      </properties>
    </artifact>
    <artifact classifier='osgi.bundle' id='org.aspectj.runtime' version='1.8.5.20150128171000'>
      <properties size='1'>
        <property name='download.size' value='134338'/>
      </properties>
    </artifact>
    <artifact classifier='osgi.bundle' id='org.eclipse.core.databinding.property' version='1.5.0.v20150422-0725'>
      <properties size='1'>
        <property name='download.size' value='176143'/>
      </properties>
    </artifact>
    <artifact classifier='osgi.bundle' id='org.eclipse.jface.databinding' version='1.7.0.v20150406-2148'>
      <properties size='1'>
        <property name='download.size' value='281453'/>
      </properties>
    </artifact>
    <artifact classifier='osgi.bundle' id='org.eclipse.ecf.filetransfer' version='5.0.0.v20150810-1719'>
      <properties size='1'>
        <property name='download.size' value='51602'/>
      </properties>
    </artifact>
    <artifact classifier='osgi.bundle' id='org.eclipse.emf.ecore' version='2.11.1.v20150805-0538'>
      <properties size='1'>
        <property name='download.size' value='1190159'/>
      </properties>
    </artifact>
    <artifact classifier='osgi.bundle' id='org.eclipse.equinox.http.jetty' version='3.1.1.v20150818-2108'>
      <properties size='1'>
        <property name='download.size' value='26912'/>
      </properties>
    </artifact>
    <artifact classifier='osgi.bundle' id='com.sun.jna.platform' version='4.1.0'>
      <properties size='1'>
        <property name='download.size' value='1464423'/>
      </properties>
    </artifact>
    <artifact classifier='osgi.bundle' id='org.eclipse.e4.ui.swt.gtk' version='1.0.1.v20150708-1529'>
      <properties size='1'>
        <property name='download.size' value='11883'/>
      </properties>
    </artifact>
    <artifact classifier='osgi.bundle' id='org.eclipse.equinox.registry' version='3.6.0.v20150318-1503'>
      <properties size='1'>
        <property name='download.size' value='182901'/>
      </properties>
    </artifact>
    <artifact classifier='org.eclipse.update.feature' id='org.eclipse.ecf.filetransfer.httpclient4.ssl.feature' version='1.0.0.v20150810-1719'>
      <properties size='1'>
        <property name='download.size' value='27181'/>
      </properties>
      <repositoryProperties size='1'>
        <property name='artifact.folder' value='true'/>
      </repositoryProperties>
    </artifact>
    <artifact classifier='osgi.bundle' id='org.eclipse.emf.common' version='2.11.0.v20150805-0538'>
      <properties size='1'>
        <property name='download.size' value='354370'/>
      </properties>
    </artifact>
    <artifact classifier='org.eclipse.update.feature' id='org.lamport.tla.toolbox.feature.tlc' version='1.0.0.201512230951'>
      <properties size='1'>
        <property name='download.size' value='33759'/>
      </properties>
      <repositoryProperties size='1'>
        <property name='artifact.folder' value='true'/>
      </repositoryProperties>
    </artifact>
    <artifact classifier='osgi.bundle' id='jclouds-sshj' version='1.9.1'>
      <properties size='1'>
        <property name='download.size' value='38477'/>
      </properties>
    </artifact>
    <artifact classifier='osgi.bundle' id='jclouds-enterprise' version='1.9.1'>
      <properties size='1'>
        <property name='download.size' value='10036'/>
      </properties>
    </artifact>
    <artifact classifier='osgi.bundle' id='org.eclipse.equinox.frameworkadmin.equinox' version='1.0.600.v20150522-2234'>
      <properties size='1'>
        <property name='download.size' value='63562'/>
      </properties>
    </artifact>
    <artifact classifier='osgi.bundle' id='org.eclipse.equinox.p2.touchpoint.natives' version='1.2.0.v20150519-1136'>
      <properties size='1'>
        <property name='download.size' value='74196'/>
      </properties>
    </artifact>
    <artifact classifier='osgi.bundle' id='org.lamport.tlatools.consumer.distributed' version='1.0.0.201512230951'>
      <properties size='1'>
        <property name='download.size' value='12326'/>
      </properties>
    </artifact>
    <artifact classifier='osgi.bundle' id='sts' version='1.9.1'>
      <properties size='1'>
        <property name='download.size' value='69377'/>
      </properties>
    </artifact>
    <artifact classifier='osgi.bundle' id='org.w3c.dom.smil' version='1.0.1.v200903091627'>
      <properties size='1'>
        <property name='download.size' value='19446'/>
      </properties>
    </artifact>
    <artifact classifier='osgi.bundle' id='org.eclipse.team.core' version='3.7.100.v20150203-1452'>
      <properties size='1'>
        <property name='download.size' value='404817'/>
      </properties>
    </artifact>
    <artifact classifier='osgi.bundle' id='org.apache.servicemix.bundles.jzlib' version='1.1.3.2'>
      <properties size='1'>
        <property name='download.size' value='78835'/>
      </properties>
    </artifact>
    <artifact classifier='osgi.bundle' id='org.eclipse.emf.ecore.change' version='2.11.0.v20150805-0538'>
      <properties size='1'>
        <property name='download.size' value='87094'/>
      </properties>
    </artifact>
    <artifact classifier='osgi.bundle' id='org.eclipse.equinox.http.servlet' version='1.2.1.v20150828-1818'>
      <properties size='1'>
        <property name='download.size' value='171803'/>
      </properties>
    </artifact>
    <artifact classifier='org.eclipse.update.feature' id='org.lamport.tla.toolbox.feature.tla2tex' version='1.0.0.201512230951'>
      <properties size='1'>
        <property name='download.size' value='33420'/>
      </properties>
      <repositoryProperties size='1'>
        <property name='artifact.folder' value='true'/>
      </repositoryProperties>
    </artifact>
    <artifact classifier='osgi.bundle' id='org.apache.commons.codec' version='1.6.0.v201305230611'>
      <properties size='1'>
        <property name='download.size' value='258016'/>
      </properties>
    </artifact>
    <artifact classifier='osgi.bundle' id='org.eclipse.ui.navigator' version='3.6.0.v20150422-0725'>
      <properties size='1'>
        <property name='download.size' value='423448'/>
      </properties>
    </artifact>
    <artifact classifier='osgi.bundle' id='de.vonloesch.pdf4eclipse' version='1.0.1.201502251926'>
      <properties size='1'>
        <property name='download.size' value='1722064'/>
      </properties>
    </artifact>
    <artifact classifier='org.eclipse.update.feature' id='org.lamport.tla.toolbox.feature.base' version='1.0.0.201512230951'>
      <properties size='1'>
        <property name='download.size' value='33798'/>
      </properties>
      <repositoryProperties size='1'>
        <property name='artifact.folder' value='true'/>
      </repositoryProperties>
    </artifact>
    <artifact classifier='osgi.bundle' id='org.eclipse.swt.gtk.linux.x86_64' version='3.104.1.v20150825-0743'>
      <properties size='1'>
        <property name='download.size' value='2631208'/>
      </properties>
    </artifact>
    <artifact classifier='osgi.bundle' id='org.eclipse.help.base' version='4.0.300.v20150904-0015'>
      <properties size='1'>
        <property name='download.size' value='414987'/>
      </properties>
    </artifact>
    <artifact classifier='osgi.bundle' id='org.eclipse.equinox.p2.updatechecker' version='1.1.200.v20131119-0908'>
      <properties size='1'>
        <property name='download.size' value='17665'/>
      </properties>
    </artifact>
    <artifact classifier='osgi.bundle' id='org.lamport.tla.toolbox.jclouds' version='1.0.0.201512230951'>
      <properties size='1'>
        <property name='download.size' value='2224200'/>
      </properties>
    </artifact>
    <artifact classifier='org.eclipse.update.feature' id='de.vonloesch.pdf4eclipse.feature' version='1.0.1.201502251926'>
      <properties size='1'>
        <property name='download.size' value='5097'/>
      </properties>
      <repositoryProperties size='1'>
        <property name='artifact.folder' value='true'/>
      </repositoryProperties>
    </artifact>
    <artifact classifier='org.eclipse.update.feature' id='org.eclipse.ecf.filetransfer.httpclient4.feature' version='3.10.1.v20150810-1719'>
      <properties size='1'>
        <property name='download.size' value='27260'/>
      </properties>
      <repositoryProperties size='1'>
        <property name='artifact.folder' value='true'/>
      </repositoryProperties>
    </artifact>
    <artifact classifier='osgi.bundle' id='org.w3c.css.sac' version='1.3.1.v200903091627'>
      <properties size='1'>
        <property name='download.size' value='32952'/>
      </properties>
    </artifact>
    <artifact classifier='osgi.bundle' id='org.eclipse.equinox.simpleconfigurator.manipulator' version='2.0.100.v20150423-1455'>
      <properties size='1'>
        <property name='download.size' value='25362'/>
      </properties>
    </artifact>
    <artifact classifier='osgi.bundle' id='com.jcraft.jsch.agentproxy.osgi' version='0.0.7'>
      <properties size='1'>
        <property name='download.size' value='35326'/>
      </properties>
    </artifact>
    <artifact classifier='osgi.bundle' id='org.lamport.tla.toolbox.doc' version='1.5.2.201512230951'>
      <properties size='1'>
        <property name='download.size' value='1486129'/>
      </properties>
      <repositoryProperties size='1'>
        <property name='artifact.folder' value='true'/>
      </repositoryProperties>
    </artifact>
    <artifact classifier='osgi.bundle' id='aws-ec2' version='1.9.1'>
      <properties size='1'>
        <property name='download.size' value='199215'/>
      </properties>
    </artifact>
    <artifact classifier='org.eclipse.update.feature' id='org.eclipse.e4.rcp' version='1.4.0.v20150903-1804'>
      <properties size='1'>
        <property name='download.size' value='20151'/>
      </properties>
      <repositoryProperties size='1'>
        <property name='artifact.folder' value='true'/>
      </repositoryProperties>
    </artifact>
    <artifact classifier='osgi.bundle' id='org.eclipse.equinox.p2.transport.ecf' version='1.1.100.v20150521-1342'>
      <properties size='1'>
        <property name='download.size' value='42539'/>
      </properties>
    </artifact>
    <artifact classifier='osgi.bundle' id='org.eclipse.ui.editors' version='3.9.0.v20150213-1939'>
      <properties size='1'>
        <property name='download.size' value='578283'/>
      </properties>
    </artifact>
    <artifact classifier='osgi.bundle' id='org.eclipse.compare' version='3.5.600.v20150420-1449'>
      <properties size='1'>
        <property name='download.size' value='769552'/>
      </properties>
    </artifact>
    <artifact classifier='osgi.bundle' id='org.eclipse.e4.core.contexts' version='1.4.0.v20150828-0818'>
      <properties size='1'>
        <property name='download.size' value='50351'/>
      </properties>
    </artifact>
  </artifacts>
</repository>
